name,imo,flag
A R G,9689031,BARBADOS
ABROS,9247388,CURACAO (FALSE)
ABYSS,9157765,UNKNOWN
ADDRESS GAS,9194969,
ADELINE G,9234666,PANAMA
ADITYA,9203784,GUYANA (FALSE)
ADONIA,9242223,SINT MAARTEN (FALSE)
AFRA CROWN,9273052,GABON
AGNI,9337389,COMOROS (FALSE)
AKOYA GAS,9142150,UNKNOWN
AL DIAB II,9053816,PALAU
AL SAFA,9222649,PANAMA
AL SIDDEEQ,9312509,PANAMA
ALA,9198094,GUYANA (FALSE)
ALAA,9155341,PALAU
ALANA (ex FALCON PRIDE),9172583,ANTIGUA & BARBUDA
ALBA,9268112,CURACAO (FALSE)
ALBA SUN (ex EAGLE BEAUMONT),9111644,UNKNOWN
ALBATROSS 1,8817693,TANZANIA
ALBEDO,9213313,GABON
AMAK,9244635,GAMBIA
AMBER 6,9235713,TIMOR LESTE (FALSE)
AMELL,9257993,GAMBIA
AMIL,9308778,GUINEA (FALSE)
AMOR,9182291,CAMEROON
ANABEL,9246279,BOTSWANA (FALSE)
ANAHI,9273337,ST KITTS & NEVIS
ANASTASIA I,9200964,UNKNOWN
ANDIA,9121699,PALAU
ANDROMEDA V,9197832,CURACAO (FALSE)
ANGEL K,9208473,TANZANIA
ANGELICA I,9290323,PANAMA
ANGEL‡,9176773,TANZANIA
ANHONA,9354521,BELIZE (FALSE)
ANIKA,9305609,CURACAO (FALSE)
ANITA,9203253,GAMBIA
ANNA,9233208,CAMEROON
ANNABEL,9306457,PANAMA
ANSHUN II,9253117,PANAMA
APOLLO OCEAN,9423322,VIETNAM
APUS,9299745,ESWATINI (FALSE)
AQUA SPIRIT,9197727,PANAMA
AQUALIS,9258674,GUYANA (FALSE)
AQUARIS,9251822,PANAMA
ARABIAN ENERGY‡,9417490,CURACAO (FALSE)
AREIA,9321847,UNKNOWN
ARES,9174397,COOK ISLANDS
ARGO MARIS,9041643,HONDURAS
ARIHANT,9464156,PALAU
ARINA,9248813,HONG KONG
ARLAN,9227443,SIERRA LEONE
ARROW,9127033,TUVALU
ARTARA,9185528,PANAMA
ARTEMIS III,9102241,HONDURAS
ARTURA,9150365,GUYANA (FALSE)
ARZOYI,9248473,
ASIA UNITY,9622069,SINGAPORE
ASPHALT HONOR,9288382,HONG KONG
ASTERIX,9181194,UNKNOWN
ASTRA,9350422,GUYANA (FALSE)
ASTRA,9162928,CAMEROON
ATILA,9262754,CAMEROON
ATILA,9233753,GUYANA (FALSE)
ATLANTA,9176761,
ATLANTIS I,9229362,CURACAO (FALSE)
ATLANTIS II,9257503,IRAN
ATLANTIS MZ,9218181,COMOROS (FALSE)
AUDREY,9133070,
AURA,9274563,COOK ISLANDS
AUROURA,9262912,PANAMA
AVA 10,9247986,COOK ISLANDS
AVA 6,9226140,HONG KONG
AVENTINE,9123192,UNKNOWN
AYDEN,9365764,UNKNOWN
AZURE VOYAGER,9181649,GUYANA (FALSE)
B LUMINOSA‡,9256016,UNKNOWN
BALU,9235244,CAMEROON
BANGUS,9308998,BARBADOS
BARON,9080493,GUYANA (FALSE)
BAXTER,9282522,UNKNOWN
BEGONIA 1,9295282,UNKNOWN
BELLA 1,9230880,GUYANA (FALSE)
BELMA,9289491,CURACAO (FALSE)
BENEDICT,9293155,CAMEROON
BERENICE PRIDE,9216559,LIBERIA
BERG 1,9262168,CURACAO (FALSE)
BESTLA,9295593,PANAMA
BIA,9340465,COOK ISLANDS
BIANCA JOYSEL,9196632,PANAMA
BIG MAG,9263215,PANAMA
BILI,9285756,GAMBIA
BIRTH YOUNG,9284582,GUYANA (FALSE)
BLUEBELL,9251810,CURACAO (FALSE)
BLUEFINS‡,9221657,TANZANIA
BOCEANICA‡,9267132,UNKNOWN
BODHI,9144782,CAMEROON
BONETTA,9220914,COOK ISLANDS
BRAD,9166417,ST KITTS & NEVIS
BRAVELY LOYALTY,9582726,UNKNOWN
BREEZE V,9259355,BARBADOS
BRIGHT GOLD,9171503,PANAMA
BRIGHT SONIA,9213296,
BUENO‡,9282443,UNKNOWN
CAIDA STAR,9240885,
CALLISTO,9252436,HONG KONG
CAMELIA,9070072,GUYANA (FALSE)
CANGJIE‡,9299680,INDIA
CANNONDALE SUPERSIX,9189110,ESWATINI (FALSE)
CAPE GAS,9002491,
CARCHARODON,9258882,PALAU
CARINA I,9410234,UNKNOWN
CARUZO,9137648,SIERRA LEONE
CASINOVA,9280366,LIBERIA
CATALINA 7,9310159,UNKNOWN
CAYKA,9005493,TANZANIA
CERES I,9229439,SAN MARINO (FALSE)
CH BILLION,9276585,UNKNOWN
CHAMTANG‡,9212400,UNKNOWN
CHELSEA PROVIDENCE,9633501,PHILIPPINES
CHEM,9240914,UNKNOWN
CHIL 1,9171498,GAMBIA
CHINTAMANI,9242481,COOK ISLANDS
CHLOE‡,9173745,GUYANA (FALSE)
CIAO BELLA,9108104,PALAU
CIELO 1,9263227,PANAMA
CINDY,9270517,BARBADOS
CLYDE NOBLE,9282792,PALAU
CONFIDENCE P,9178044,UNKNOWN
CORONA FUN,9276573,UNKNOWN
CRAVE,9045807,MALI
CRIUS‡,9251274,UNKNOWN
CROWN JEWELS,9202388,BARBADOS
CRYSTAL,9223887,
CRYSTAL,9223722,SAN MARINO
CRYSTAL ROSE‡,9292228,UNKNOWN
CS BRILLIANCE,9153513,
CS DEVELOPMENT,9133850,MARSHALL ISLANDS
CS INNOVATOR,9306809,MARSHALL ISLANDS
CS PROSPERITY,9169691,MARSHALL ISLANDS
CUME,9379703,GUYANA (FALSE)
DAHAB,9233222,GUYANA (FALSE)
DAISY 2,9255933,
DAKUSH,9278698,
DANUTA I,9193721,
DAZZLE,9203277,COMOROS
DELPHINE,9341512,SIERRA LEONE
DENEB,9301524,SIERRA LEONE
DEYNA‡,9299903,CURACAO (FALSE)
DIANA,9005065,THAILAND
DOMINAR,9194139,
DOUBLE IN,8917807,PANAMA
EASTERN HERO,9353905,PALAU
EASTERN ONE,9149251,
ECHO STAR,9134294,
ECO PRIDE 1,9251664,BARBADOS
ECTOR,9288863,COOK ISLANDS
EGRET,9283801,PANAMA
EK‡,9191553,CURACAO (FALSE)
ELIN‡,9615092,CAMEROON
ELISA‡,9249685,SAO TOME & PRINCIPE (FALSE)
ELISE,9277747,PALAU
ELITE,9168740,GAMBIA
ELIZA II,9418078,SAO TOME & PRINCIPE
ELIZABET,9216717,CAMEROON
ELMO,9256913,UNKNOWN
ELSA,9256468,
ELVA,9196644,ST KITTS & NEVIS
ELZA,9221671,UNKNOWN
EM LONGEVITY,9212864,SINGAPORE
EM UNITY,9189952,SAN MARINO
EM VITALITY,9102265,UNKNOWN
ENZO,9183300,UNKNOWN
EQUALITY‡,9216547,GUINEA (FALSE)
ESTELLA,9382700,PANAMA
ETERNAL PEACE‡,9259745,PANAMA
ETERNAL SUCCESS,9307633,SINT MAARTEN
ETERNITY,9198317,GUYANA (FALSE)
ETHAN,9293741,COOK ISLANDS
EURO FORTUNE,9281554,ST KITTS &amp; NEVIS
EURO VIKING,9309239,ST KITTS &amp; NEVIS
EUROPE,9235268,LIBERIA
EVERRICH 10,9088536,
FABINO GAS,9012886,MARSHALL ISLANDS
FALCON,9014432,UNKNOWN
FAUSTA,9232450,GUYANA (FALSE)
FELICITA,9167162,BARBADOS
FENGSHUN,9007386,ESWATINI (FALSE)
FIONA,9365752,UNKNOWN
FIONA II,9262766,UNKNOWN
FIRENZE K,9245782,PANAMA
FOREVER,9136058,TANZANIA
FORTUNA,9113379,THAILAND
FORTUNE GALAXY,9257010,UNKNOWN
FOSHAN,9404572,PANAMA
FOTIS,9306548,PANAMA
FOUR PLUS,9203930,GUYANA (FALSE)
FREDA‡,9402469,UNKNOWN
FREESIA I (ex LA ROSA I),9159660,UNKNOWN
FREYA,9180164,
FRUNZE,9263643,UNKNOWN
FT ISLAND,9166675,HONDURAS
FUGA BLUEMARINE,9235725,GAMBIA
FULDA,9185865,HONG KONG
FULL WOOD,9194127,GUYANA (FALSE)
FURIA,9257802,BARBADOS
FURY,9280873,GUINEA (FALSE)
FUXI,9246463,ANTIGUA & BARBUDA
G JADES,9131096,COMOROS
G SPRING,9040118,DJIBOUTI
G STAR (ex ENERGY STAR),9118393,ST KITTS & NEVIS
G YMM,9139696,PANAMA
GALA ROSE,9126015,HONG KONG
GALL,9827944,LIBERIA
GALVIN,9387762,PANAMA
GAMKONORA,9641091,
GANESHA,8519966,
GARUDA‡,9260055,GAMBIA
GAS CATHAR‡,9250505,UNKNOWN
GAS CONCEPT,9386299,PANAMA
GAS DIOR,9379404,PANAMA
GAS ENDURANCE,9240419,GABON
GAS GEMINI,8818219,SIERRA LEONE
GAS LAGOON,9386304,PANAMA
GAS LEADER,9114581,GAMBIA
GAS MARTA,9307748,PALAU
GAS MARYAM,9108099,PALAU
GAS ROMA,9046784,
GAS STRENGTH,9172636,GABON
GAS VISION,9115303,
GAS WANAKA,9364382,PANAMA
GAS ZEINA,8818843,GAMBIA
GATHER VIEW,9246281,UNKNOWN
GIANT,9238868,HONG KONG
GLISTAR,9249324,GUYANA (FALSE)
GLOBAL ACE,9190078,PANAMA
GLOBAL ANGEL,9311309,PANAMA
GLOBAL ASPHALT‡,9005338,PANAMA
GLOBAL BEAUTY,9221267,PALAU
GLOBAL CREST,9113094,PANAMA
GLOBAL DIGNITY,9309227,PANAMA
GLOBAL DOMINANCE‡,9672301,ANTIGUA & BARBUDA
GLOBAL EAGLE‡,9422847,COMOROS
GLOBAL ELEGANCE,9232955,UNKNOWN
GLOBAL EMERALD,8982888,PANAMA
GLOBAL EVEREST,9125724,PANAMA
GLOBAL FALCON‡,9399167,PALAU
GLOBAL GENESIS,9451501,COOK ISLANDS
GLOBAL HARVEST,9290775,BARBADOS
GLOBAL HAWK‡,9422859,COOK ISLANDS
GLOBAL LIBERTY,9350288,VIETNAM
GLOBAL MAHARANI‡,9546708,BARBADOS
GLOBAL PEACE‡,9555199,COOK ISLANDS
GLOBAL PEAK‡,9125712,GAMBIA
GLOBAL RANI,9136113,GUINEA-BISSAU
GLOBAL STAR,9164500,PANAMA
GLOBAL STAR‡,9198082,GUYANA (FALSE)
GLOBAL VIVIAN,9002908,PANAMA
GLORY,9247077,
GLORY STAR 1‡,9463528,
GOBY,9363833,MARSHALL ISLANDS
GOLDEN CONVERGENCE,9294678,PANAMA
GOLDEN EAGLE,9255684,
GOLDEN EAGLE II,9325817,PANAMA
GOLDEN GLORY,9246798,HONG KONG
GOODAL,9244374,LIBERIA
GRACEP,9252967,
GREAT SAIL,9177583,PALAU
GREEN LAND,9246449,ST KITTS & NEVIS
GRETA,9240512,UNKNOWN
GUANG TAI‡,9526693,GUYANA (FALSE)
GUNUNG GEULIS/PERTAMINA 8004,9398278,
HAI HUN,9251951,GAMBIA
HAISHEN,9286138,
HALO 6,9232448,GUYANA (FALSE)
HAMBURG DW,9014420,
HANA,9162916,GABON
HAPPY CAMPER,9277773,PANAMA
HARMONY,9397030,UNKNOWN
HARMONY STAR,9244623,PANAMA
HAWK,9246645,
HAWKS LIBERTY,9228722,
HAZEL (ex CLARA),9081837,UNKNOWN
HEBE,9259185,
HERA,9304356,
HERA,9326720,VIETNAM
HH GLORY,9534614,PANAMA
HONG LU,9208215,CURACAO (FALSE)
HORNET,9197844,
HS ESBERG‡,9410894,GUINEA (FALSE)
ILL GAP,9294305,
IMPALAS,9171448,SAO TOME & PRINCIPE (FALSE)
INDA,9256858,GAMBIA
INDIGO RAY,9216705,
INDIRA,9427146,COOK ISLANDS
INDU,9187435,COMOROS
INFINITY,9179701,GUYANA (FALSE)
INGRID (ex SUPER LADY),9201592,UNKNOWN
INTERSTELLAR,9277797,PANAMA
INVICTA,9250543,
ION (ex GORI/SANREMO/STRENGTH 1),9144067,CAMEROON
IONA,9183271,CAMEROON
IRIS,9247778,PALAU
ITAUGUA,9102277,COMOROS
ITG AMOY,9237620,PANAMA
IVY,9337133,
IZOLA,9249312,BARBADOS
JAL GAMINI,9188788,UNKNOWN
JAMAICA‡,9230098,UNKNOWN
JAYA,9410387,CURACAO (FALSE)
JELA,9371608,UNKNOWN
JEWELS,9143506,TANZANIA
JIAN HANG TAI DA‡,9349095,CHINA
JUDY II,9224295,
KALI,9162502,HONG KONG
KANTI,9282106,SAN MARINO
KATE,9292826,
KATSUYA,9178068,GAMBIA
KLSM DEEP,9241114,PANAMA
KOALA,9234642,ANTIGUA & BARBUDA
KOEN,9199127,UNKNOWN
KRASNOYARSK,9312896,RUSSIA
KURDOS,9236731,PANAMA
KURDOS II,9453729,PALAU
LADY ELISE,9258595,COOK ISLANDS
LAFIT,9379698,SAO TOME & PRINCIPE
LALIQUE,9247792,PANAMA
LARA II‡,9321421,UNKNOWN
LATIN VENTURE,9206035,
LATTAFA,9245794,PANAMA
LAURYN,9259599,GUINEA (FALSE)
LEGACY 2,9294795,DOMINICA
LELIA,9258870,GUYANA (FALSE)
LENORE,9259367,CURACAO (FALSE)
LEONID,9198771,
LEOPARD,9284594,UNKNOWN
LIAN,9266841,
LIANA,9236755,PALAU
LIA‡,9041057,GUYANA (FALSE)
LILLIAN†,9153525,PALAU
LILY,9294331,PANAMA
LIMAS,9254082,GUYANA (FALSE)
LISBOA,9257711,PANAMA
LOANNA,9239977,ST KITTS & NEVIS
LONGXIANG,9291236,
LORIAN,9259343,
LOTUS,9392822,CURACAO (FALSE)
LUNA,9238052,GUYANA (FALSE)
LUNA LUSTER,9292187,
LUNA PRIME,9174220,PANAMA
LYDIA II,9365776,UNKNOWN
LYRA†,9314088,UNKNOWN
M K A,9269403,
M3S X,9405617,ST KITTS & NEVIS
MABROUK,9232864,
MACKEREL,9234628,
MADESTAR,9289726,PANAMA
MAGNOLIA,9258519,
MAHAVIR,9308766,PALAU
MAISAN‡,9289776,PANAMA
MALED,9408798,BARBADOS
MANTA,9220938,GAMBIA
MARIA GRACE,9224271,
MARINE SPIRIT,9288019,GUYANA (FALSE)
MARTINA,9254915,MALAYSIA
MARVEL 7,8223050,SINT MAARTEN (FALSE)
MAYA,9171357,CURACAO (FALSE)
MAYMEI,9133082,PANAMA
MEHLE,9191711,GUYANA (FALSE)
MERMAID 5,9233973,COOK ISLANDS
MEROPE,9281891,UNKNOWN
MERU,9187227,COMOROS
METIS,9189146,
MIB-1,8806321,ESWATINI (FALSE)
MIN HANG,9257137,UNKNOWN
MISSONI,9296810,PANAMA
MOLECULE,9209300,CAMEROON
MONIQUE,9311270,COOK ISLANDS
MONTROSE,9281695,UNKNOWN
MOONBAY,9230907,GUYANA (FALSE)
MORALITY,9259898,PANAMA
MR NAUTILUS,9150767,CAMEROON
MS MELENIA‡,9302023,UNKNOWN
MUSIK,9305051,
MYRA GAS,8818207,PANAMA
MYRI JOY,9215098,HONG KONG
NARCISSUS,9232931,PANAMA
NATALINA 7,9310147,COMOROS
NEBULAX,9203928,PANAMA
NESO,9257149,UNKNOWN
NEW FUSION,9277723,PANAMA
NEW MILOS,9422988,BARBADOS
NEW POWER‡,9266853,GUYANA (FALSE)
NEW VENTURE,9281580,
NEXO,9014456,
NIL308,9285744,GAMBIA
NIRETA,9237785,
NIRVANA,9158161,IRAN
NOMIKI,9242443,
NORA,9237539,
NORNS,9439058,GABON
NORTH STAR,9299563,
NOVA,9141259,UNKNOWN
NV AQUAMARINE,9307736,VIETNAM
NVS PIONEER,9171345,PALAU
NYMPH THETIS,9232369,BARBADOS
OASIS,9176929,GABON
OCEAN GUARDIAN,9267948,PANAMA
OCEAN PRIDE,9193733,PALAU
OCEAN RI,9105102,PALAU
OCEANIC II,9275995,HONG KONG
OCEANJET,9546722,GUINEA (FALSE)
OLINA‡,9282479,SAO TOME & PRINCIPE
OLIVIA,9222704,COMOROS
OLIVIA,9247065,HONG KONG
OLYM,9212759,GUYANA (FALSE)
OMRA,9264881,
ORA,9298296,PANAMA
ORABELLA,9174660,PANAMA
ORION,9131357,CAMEROON
OXIS,9224805,CAMEROON
PABLO,9133587,GABON
PAMIR,9208239,PANAMA
PAMR,9292163,UNKNOWN
PAULA,9260366,
PEARL I,9233234,
PEGAS,9256860,
PENNY H (ex WU XIAN),9102239,SAO TOME & PRINCIPE
PETERPAUL‡,9163269,UNKNOWN
PETREL 1,9295270,HONG KONG
PHENIX VI‡,9255880,GUYANA (FALSE)
PHOENIX I,9236248,
PIONEER SAM,9232620,PALAU
PIX,9298284,
PK MARIT,9235464,COOK ISLANDS
PK PHOENIX,9326902,PANAMA
PONTUS,9511179,PALAU
PRINCESS SOFIA,9240407,PANAMA
PROGRESS V,9316701,UNKNOWN
PRS OCEAN,9276561,GAMBIA
PULMONIS,9234616,GUINEA (FALSE)
PURDUE STELLAR,9275658,HONG KONG
PURNA‡,9176656,GAMBIA
PVT DOLPHIN,9288277,
QUANTUM STAR,9225342,PANAMA
QUEEN 1,8614467,GUYANA (FALSE)
QUINN,9220952,PANAMA
RADA,9213301,ST KITTS & NEVIS
RAINE,9223540,GUINEA (FALSE)
RAMYA,9363182,BARBADOS
RANGLER,9206671,
RANGVER,9281425,
RANI,9250907,
RARITY,9278519,HONG KONG
RATNA‡,9160475,CURACAO (FALSE)
REEF,9263382,GUINEA (FALSE)
REMIZ,9223344,
REVIN,9306665,COMOROS
REX 1,9219056,UNKNOWN
RIALTO,9160530,COMOROS
RIEVERIA I,9286229,SAN MARINO
RIQUEZA,9233650,PANAMA
RIVAL,9117818,UNKNOWN
ROC,9275660,PANAMA
ROSE 25,9275983,PALAU
ROSSONERI,9242120,ST KITTS & NEVIS
ROYAL LADY,9300829,
RUBY,9192258,GUYANA (FALSE)
SA CAPRICORN,9230878,LIBERIA
SA CRYSTAL,9182318,LIBERIA
SA HORIZON,9233272,MARSHALL ISLANDS
SA OCEANIA,9246633,LIBERIA
SAAVI (ex MAHARAJA),9070149,PANAMA
SAGNA,7729019,PALAU
SAHARA‡,9322267,GUINEA (FALSE)
SALOME I,9135547,SAO TOME & PRINCIPE (FALSE)
SALUTE LEGEND,9174622,HONG KONG
SALVIA,9297319,COOK ISLANDS
SAMSUN,9436006,PANAMA
SAN REMO,9396725,PORTUGAL
SANAR,9185530,GUYANA (FALSE)
SANTA ANA,9222699,COMOROS
SAPPHIRE,9294240,HONG KONG
SARAK,9226968,IRAN
SCORPIUS,9264893,UNKNOWN
SEA ARGUS,9004815,TANZANIA
SEA GLAMOUR (ex SEA ELEGANCE),9208057,PANAMA
SEA GLORIA,9005053,
SEA HERMES,9031519,PALAU
SEA HONOR,9315654,GUYANA (FALSE)
SEA HORSE,9262584,HONG KONG
SEA LUNA,9000883,
SEA ROCK,9140451,PALAU
SEA SHORE,9510553,SAN MARINO
SEA V,9332535,PANAMA
SEA VIXEN,9265744,TANZANIA
SEA WISE,9224570,PALAU
SEABAS,9251640,COMOROS
SEABASS,9266750,BARBADOS
SEAFAITH,9232034,PANAMA
SEAL‡,9252400,GAMBIA
SEAMULL,9204776,PALAU
SEASHELL,9281566,PANAMA
SEASKY,9237412,PANAMA
SEATURBO,9204764,COMOROS
SELENA,9292486,GUYANA (FALSE)
SENHUB,9352559,
SHANAYE QUEEN,9242118,PANAMA
SHANNON II,9237797,UNKNOWN
SIA,9397080,COMOROS (FALSE)
SILVERDAWN,9197155,
SIMBA (ex ORE),8617055,SAMOA (FALSE)
SIMRAN,9136644,PANAMA
SINCERE 02,9226011,PANAMA
SINO STAR,9263693,HONG KONG
SIREN II,9337195,HONG KONG
SIRI,9281683,COMOROS (FALSE)
SIRIUS 1,9285847,PANAMA
SKADI,9230971,
SKIPPER,9304667,GUYANA (FALSE)
SKYLIGHT,9330020,PALAU
SKYLYN,9259197,GUYANA (FALSE)
SKYWAVE,9328716,COMOROS
SNARTH,9349655,BARBADOS
SOBAR,9221970,IRAN
SOFIA,9531387,COMOROS
SOMERSET,9235737,COOK ISLANDS
SOTHYS,9253064,UNKNOWN
SPIRIT,9252371,BARBADOS
SPRITE,9252333,
ST NIKOLAS,9524475,MARSHALL ISLANDS
STANDORF,8902993,UNKNOWN
STAR FOREST,9237632,HONG KONG
STAR LINE,9237618,SINT MAARTEN (FALSE)
STAR PIONE,9389019,
STAR RAIL,9277761,UNKNOWN
STAR TWINKLE 6,9256987,PANAMA
STARADVANCE,9149249,
SUA,9546710,COOK ISLANDS
SULLANA,9180152,CAMEROON
SUN,9131101,SAO TOME & PRINCIPE (FALSE)
SUN 9,9529645,BAHAMAS
SUNNY 7,9235476,COOK ISLANDS
SUNSEA‡,9342786,VIETNAM
SWIFT FALCON,9246803,PANAMA
SYNDRA,9321976,
SYRMA,9204805,SAO TOME &amp; PRINCIPE (FALSE)
T CEREAL,9286073,HONG KONG
TAI HE,9320843,PANAMA
TALIA,9229025,COOK ISLANDS
TARA GAS,9290270,PANAMA
TASCA,9313149,UNKNOWN
TEJAS,9326067,
TELSA,9246138,ST KITTS & NEVIS
THANE,9237228,SAN MARINO
THEMIS,9264570,PANAMA
TIAN DU FENG,9313151,HONG KONG
TIA‡,9147447,GUYANA (FALSE)
TIREX‡,9203772,PANAMA
TITAN,9293143,ESWATINI (FALSE)
TML,9256975,PANAMA
TONDA SOURCE,9127667,PANAMA
TONIL,9307932,UNKNOWN
TORNADO A‡,9247390,UNKNOWN
TOWER RISE,8912546,
TREND,9231509,BARBADOS
TRIMA,9252072,COOK ISLANDS
TRIS GAS,9041655,ST KITTS & NEVIS
TROPHY,9220940,COOK ISLANDS
TRUGEN,9200861,COMOROS
TULIP,8912558,CAMEROON
TURACO,9247780,COMOROS
TWENTY ONE,9288265,CURACAO (FALSE)
UMM HABAYEB,9192260,GABON
"URANUS (ex AZTEC, HERMES, CALLIOP)",9248485,UNKNOWN
URI,9248497,COMOROS (FALSE)
VALANO,9370537,PANAMA
VELA,9411288,GUINEA (FALSE)
VENICE,9231901,
VENTURA,9199828,UNKNOWN
VERA,9304655,SINT MAARTEN (FALSE)
VERNON,9232876,GUINEA (FALSE)
VERONICA III,9326055,PANAMA
VESNA,9233349,BELIZE
VETER,9233739,CAMEROON
VICTORY ARI,9290919,ANTIGUA & BARBUDA
VIGO,9208136,VIETNAM
VIGOR,9262156,PANAMA
VIOLET 1,9154000,PANAMA
VIRGO,9236250,UNKNOWN
VISION‡,9260067,GAMBIA
VIZURI,9197909,CAMEROON
VORAS,9203265,CAMEROON
VOY,9222443,UNKNOWN
VT QUEEN,9232022,HONG KONG
WAN HE,9248461,BARBADOS
WANIJ,9215103,PANAMA
WEALTHY LOYAL,9637650,HONG KONG
WEALTHY STAR,9773301,GUYANA (FALSE)
WEN YAO,9288095,COOK ISLANDS
WHITE PURL,7230666,UNKNOWN
WHITE WHALE‡,9230426,PANAMA
WILMA II,9247431,PANAMA
WORLD PERFORMANCE,9301005,COOK ISLANDS
WORLD PROGRESS,9300996,COOK ISLANDS
XAVIA,9052331,SAO TOME &amp; PRINCIPE (FALSE)
XENIA S,9165542,TANZANIA
XI XIU,9233789,
XIDI,9294290,PANAMA
Y L W,9360398,COOK ISLANDS
YAMUNA,9572111,UNKNOWN
YEHOPE,9243320,
YI TONG,9259733,PANAMA
YOKO 1,9241085,
YOLANDA,9255945,PANAMA
YONG CHANG SHUN HANG,9226009,MARSHALL ISLANDS
YONG TAI,9231511,PANAMA
YONG XIANG 29‡,8744107,CHINA
YONGAN OCEAN,9288758,PANAMA
YQ HARMONY,9258612,
YU I,9134165,GABON
YUAN QI,9271406,CURACAO (FALSE)
YUG,9288875,UNKNOWN
YUHAN,9208112,PANAMA
YULIN,9231224,
ZENITH FAITH,9387152,COOK ISLANDS
ZEVS,9168946,CAMEROON
ZHEN ZHU,9290359,
ZIXUAN,9317298,
ZULU,9018464,GUYANA (FALSE)
